title,id,artists,features
willow,5C9JlYhuv96JQXyXuxYsB2,Taylor Swift,0.8349999785423279;0.3919999897480011;0.5789999961853027;0.0017900000093504786;0.164000004529953;0.5490000247955322
DESPECHÁ,53tfEupEzQRtVFOeZvk7xq,ROSALÍA,0.1459999978542328;0.9139999747276306;0.621999979019165;1.680000059423037E-5;0.08919999748468399;0.7699999809265137
Juliet,45ROR8UMn60YEVQnDy0uVF,Cavetown,0.0034600000362843275;0.5460000038146973;0.5860000252723694;0.0011399999493733048;0.031300000846385956;0.36399999260902405
ex i never had,1NAyq9TrQIpLHWStUX4xAQ,LANY,0.3059999942779541;0.6499999761581421;0.3880000114440918;0.0;0.03319999948143959;0.628000020980835
Holy,0ct2QqgeYn2KoGcrkNidfU,Justin Bieber;Chance the Rapper,0.19599999487400055;0.6729999780654907;0.7039999961853027;0.0;0.36000001430511475;0.3720000088214874
Sorry,7AGPvz6ZltXDMglJATm69G,Justin Bieber,0.08780000358819962;0.6790000200271606;0.7480000257492065;0.0;0.03849999979138374;0.43799999356269836
Ho Hey,0W4Kpfp1w2xkY3PrV714B7,The Lumineers,0.7940000295639038;0.6850000023841858;0.4659999907016754;2.060000042547472E-6;0.030400000512599945;0.3529999852180481
Up Down (feat. Florida Georgia Line),3EWMoDIm6lzuR0zQKtuCJX,Morgan Wallen;Florida Georgia Line,0.08129999786615372;0.5889999866485596;0.8820000290870667;0.0;0.03500000014901161;0.7929999828338623
Cut Your Bangs,75T4FO7bShVDfUN1ZDA9yP,Girlpool,0.8539999723434448;0.36899998784065247;0.30300000309944153;0.0;0.03139999881386757;0.11100000143051147
Photograph,7sgRVxSsmg7QqyL4qofyPP,Ed Sheeran,0.6069999933242798;0.7179999947547913;0.3790000081062317;4.720000142697245E-4;0.03590000048279762;0.2199999988079071
Playa (feat. H.E.R.) - Bonus,6LoBgAtLkf32btOzzSf1OY,A Boogie Wit da Hoodie;H.E.R.,0.3479999899864197;0.7149999737739563;0.796999990940094;0.0;0.3959999978542328;0.9110000133514404
One Kiss (with Dua Lipa),7ef4DlsgrMEH11cDZd32M6,Calvin Harris;Dua Lipa,0.03700000047683716;0.7910000085830688;0.8619999885559082;2.1899999410379678E-5;0.10999999940395355;0.5920000076293945
In Da Getto,652dnrPnNCYi41SOpOUOBc,J Balvin;Skrillex,0.01769999973475933;0.9240000247955322;0.7229999899864197;2.6100000468431972E-5;0.04659999907016754;0.6430000066757202
THATS WHAT I WANT,0e8nrvls4Qqv5Rfa2UhqmO,Lil Nas X,0.006140000186860561;0.7369999885559082;0.8460000157356262;0.0;0.2199999988079071;0.5460000038146973
Maneater,4wH4dJgrsxONID6KS2tDQM,Nelly Furtado,0.026100000366568565;0.7960000038146973;0.7770000100135803;3.5799999022856355E-4;0.03970000147819519;0.7870000004768372
Ready or Not,5xvUgoVED1F4mBu8FL0HaW,Bridgit Mendler,0.0035099999513477087;0.7149999737739563;0.871999979019165;3.840000135824084E-5;0.05090000107884407;0.7480000257492065
Weekend (feat. Miguel),6GnhWMhgJb7uyiiPEiEkDA,Mac Miller;Miguel,0.4699999988079071;0.8429999947547913;0.4350000023841858;0.0;0.17800000309944153;0.1899999976158142
Anti-Hero,5btNm2Rl7QUjhuHKlL7H1G,Taylor Swift,0.12099999934434891;0.6330000162124634;0.6480000019073486;2.6200000320386607E-6;0.06199999898672104;0.49000000953674316
Leave the Door Open,1sHtogOdWikt8WsK4b1PQ0,Bruno Mars;Anderson .Paak;Silk Sonic,0.18199999630451202;0.5860000252723694;0.6159999966621399;0.0;0.03240000084042549;0.718999981880188
Runaway,23rdcrD0Eky4vYn2TZidxJ,AURORA,0.6299999952316284;0.45899999141693115;0.2759999930858612;9.500000305706635E-5;0.035999998450279236;0.12800000607967377
Amor Platónico,6VFimaHK7Mv5GO5NrqGYu1,Los Tucanes De Tijuana,0.05480000004172325;0.8669999837875366;0.578000009059906;1.4800000371906208E-6;0.033399999141693115;0.8399999737739563
WAM,4uU6WpUiOHLxMzXD7eVzyK,A$AP Ferg;MadeinTYO,0.06750000268220901;0.8370000123977661;0.6259999871253967;0.0;0.21199999749660492;0.11400000005960464
JAPAN,5PTG6rrL6EPFD9E2QMI2pl,Famous Dex,0.12099999934434891;0.7329999804496765;0.6779999732971191;0.0;0.43799999356269836;0.8410000205039978
Virtual (Blue Balenciagas),4dqkKnzOJ3fWduqKcHi374,YNW Melly,0.31200000643730164;0.7670000195503235;0.7149999737739563;0.0;0.052299998700618744;0.5770000219345093
Glamorous,4KTtYhxFtFL7mBwnjkKfLm,Fergie;Ludacris,0.29100000858306885;0.8100000023841858;0.7549999952316284;0.0;0.19900000095367432;0.625
Holly Jolly Christmas,5PuKlCjfEVIXl0ZBp5ZW9g,Michael Bublé,0.8650000095367432;0.6470000147819519;0.4650000035762787;0.0;0.04280000180006027;0.6990000009536743
Lock On Me (with Travis Scott & Future),0WAmi1ry8xMt4UjH1t0AdI,Metro Boomin;Travis Scott;Future,0.5109999775886536;0.7459999918937683;0.4970000088214874;2.2000000171829015E-5;0.22699999809265137;0.16899999976158142
Never Get Over Me,5sRUXYW5XqkHpGUjNIaU1W,Rod Wave,0.20999999344348907;0.6890000104904175;0.6259999871253967;0.0;0.06499999761581421;0.453000009059906
Fancy Like,58UKC45GPNTflCN6nwCUeF,Walker Hayes,0.11100000143051147;0.6470000147819519;0.7649999856948853;0.0;0.05999999865889549;0.8550000190734863
Dance Monkey,2XU0oxnq2qxCpomAAuJY8K,Tones And I,0.6919999718666077;0.8240000009536743;0.5879999995231628;1.0399999882793054E-4;0.09239999949932098;0.5130000114440918
Save Your Tears (with Ariana Grande) (Remix),37BZB0z9T8Xu7U3e65qxFy,The Weeknd;Ariana Grande,0.0215000007301569;0.6499999761581421;0.824999988079071;2.4400000256719068E-5;0.032499998807907104;0.5929999947547913
Mine Again,6b8LUVmacXlMUl4wRtCD2S,Zach Bryan,0.04410000145435333;0.49399998784065247;0.652999997138977;1.4199999895936344E-5;0.06319999694824219;0.335999995470047
Come and See Me (feat. Drake),1wZqJM5FGDEl3FjHDxDyQd,PARTYNEXTDOOR;Drake,0.051100000739097595;0.7170000076293945;0.34700000286102295;2.429999995001708E-6;0.06360000371932983;0.05889999866485596
E. Coli (feat. Earl Sweatshirt),3GXSywNvYLAVUCtjMHkKDh,The Alchemist;Earl Sweatshirt,0.20800000429153442;0.32199999690055847;0.5550000071525574;0.004370000213384628;0.1289999932050705;0.3970000147819519
Unholy,0AGW6kGuLsEQ6QJJ3zePzR,Sam Smith;Kim Petras,0.013799999840557575;0.718999981880188;0.45399999618530273;4.829999852518085E-6;0.07069999724626541;0.2240000069141388
Magic In The Hamptons (feat. Lil Yachty),2Yer0p7uB2lVBUAtANuuQp,Social House;Lil Yachty,0.6600000262260437;0.7689999938011169;0.4790000021457672;0.0;0.03849999979138374;0.8029999732971191
Song 2 - 2012 Remaster,1FTSo4v6BOZH9QxKc3MbVM,Blur,0.0017800000496208668;0.6740000247955322;0.7889999747276306;0.007079999893903732;0.06759999692440033;0.9179999828338623
Shut Down,0ARKW62l9uWIDYMZTUmJHF,BLACKPINK,0.004120000172406435;0.8199999928474426;0.6859999895095825;0.0;0.03799999877810478;0.6679999828338623
Qué de Raro Tiene,3gA2qpAbnuKLQV8Q9ZtIcf,Vicente Fernández,0.4259999990463257;0.6000000238418579;0.35600000619888306;0.0;0.05860000103712082;0.5419999957084656
Go Stupid,4PklAHGXT5ityno3IA8SKd,Polo G;Stunna 4 Vegas;NLE Choppa;Mike WiLL Made-It,0.027699999511241913;0.9200000166893005;0.8330000042915344;0.0;0.2529999911785126;0.6449999809265137
Call Out My Name,09mEdoA6zrmBPgTEN5qXmN,The Weeknd,0.17000000178813934;0.460999995470047;0.5929999947547913;0.0;0.035599999129772186;0.17499999701976776
Charlie Brown,1yqMgZNrevsWMLWfO2PRp5,Coldplay,0.021199999377131462;0.4300000071525574;0.7400000095367432;0.0016499999910593033;0.03750000149011612;0.09480000287294388
No Love (with SZA),08SB2OtZkaliju77WYEKxk,Summer Walker;SZA,0.17000000178813934;0.7070000171661377;0.6179999709129333;0.0;0.1899999976158142;0.5170000195503235
FREAK IN YOU,16aNJYinJv9AAetWD5yJen,PARTYNEXTDOOR,0.14399999380111694;0.4650000035762787;0.41999998688697815;0.0;0.051600001752376556;0.12099999934434891
Never Tear Us Apart,1qQSRy9DjrGh3jtsSCU6B1,INXS,0.05180000141263008;0.6650000214576721;0.6859999895095825;1.7600000137463212E-4;0.026799999177455902;0.2750000059604645
Wanted Dead Or Alive,0oerlffJSzhRVvtDfLcp3N,Bon Jovi,0.12999999523162842;0.25200000405311584;0.8019999861717224;0.014600000344216824;0.03909999877214432;0.2529999911785126
Here Comes Santa Claus (Right Down Santa Claus Lane) - 1947 Version,25leEEaz1gIpp7o21Fqyjo,Gene Autry,0.7990000247955322;0.8339999914169312;0.3709999918937683;0.0;0.03579999879002571;0.9760000109672546
I Can't Save You (Interlude) - Instrumental,1mbneu6twPPzzhh4quRWB6,Metro Boomin,2.840000088326633E-4;0.5239999890327454;0.6480000019073486;0.9509999752044678;0.03669999912381172;0.31700000166893005
Neverita,31i56LZnwE6uSu3exoHjtB,Bad Bunny,0.0706000030040741;0.8759999871253967;0.49799999594688416;0.0;0.04780000075697899;0.42800000309944153
Dreams - 2004 Remaster,0ofHAoxe9vBkTCp2UQIavz,Fleetwood Mac,0.06440000236034393;0.828000009059906;0.492000013589859;0.004279999993741512;0.02759999968111515;0.7889999747276306
good 4 u,3teE2jxq49rJEFR1nu7ZpZ,Olivia Rodrigo,0.30000001192092896;0.5559999942779541;0.6610000133514404;0.0;0.20399999618530273;0.6679999828338623
Rockin' Around The Christmas Tree,2EjXfH91m7f8HiJN1yQg97,Brenda Lee,0.6140000224113464;0.5889999866485596;0.47200000286102295;0.0;0.050200000405311584;0.8980000019073486
Crazy,2N5zMZX7YeL1tico8oQxa9,Gnarls Barkley,0.01720000058412552;0.8349999785423279;0.7409999966621399;0.05770000070333481;0.033900000154972076;0.6119999885559082
Walk Em Down (Don't Kill Civilians) [with 21 Savage & feat. Mustafa],1pbJjOPLKx9WfryFAG4NME,Metro Boomin;21 Savage;Mustafa,0.15399999916553497;0.5270000100135803;0.5239999890327454;0.00139999995008111;0.2619999945163727;0.15600000321865082
Se Voce Nao Quer Passa a Vez,7snnTlaWaN39nfN1PhUaT8,Mc Delux;DJ Guih Da ZO,0.13600000739097595;0.9559999704360962;0.8270000219345093;2.589999930933118E-4;0.22200000286102295;0.6140000224113464
COMO UN BEBÉ,4HjEm2pozQLuHhbqoonh7k,J Balvin;Bad Bunny;Mr Eazi,0.07410000264644623;0.824999988079071;0.8069999814033508;4.789999820786761E-6;0.0949999988079071;0.8159999847412109
I Can't Save You (Interlude) [with Future & feat. Don Toliver],1lo2FZZEM0mm5eRPdRke9d,Metro Boomin;Future;Don Toliver,0.03009999915957451;0.6679999828338623;0.7269999980926514;0.0;0.24799999594688416;0.3089999854564667
Zenon Torres Velez,0Oso2bS6n0dTm4gRrhsj3f,Grupo Laberinto,0.7699999809265137;0.6150000095367432;0.5059999823570251;0.0;0.12999999523162842;0.9599999785423279
Family Affair (Dance for Me),7aWLen9aaDPMRVxuvB5IfI,David Guetta,0.07840000092983246;0.8690000176429749;0.7260000109672546;0.0;0.045899998396635056;0.34299999475479126
WAIT FOR U (feat. Drake & Tems),59nOXPmaKlBfGMDeOVGrIK,Future;Drake;Tems,0.3140000104904175;0.46299999952316284;0.6420000195503235;0.0;0.3400000035762787;0.33899998664855957
Easy On Me,0gplL1WMoJ6iYaPgMCL0gX,Adele,0.578000009059906;0.6039999723434448;0.3659999966621399;0.0;0.028200000524520874;0.12999999523162842
Merry Christmas,0EMzTcBsPzfypVepGavNrX,Ed Sheeran;Elton John,0.24300000071525574;0.593999981880188;0.9350000023841858;2.3600000531587284E-6;0.0357000008225441;0.6019999980926514
Thank God,1brnLTvarI9D1hLP6z2Ar8,Kane Brown;Katelyn Brown,0.6949999928474426;0.7379999756813049;0.45500001311302185;0.0;0.03519999980926514;0.4410000145435333
Father Time (feat. Sampha),28qA8y1sz0FTuSapsCxNOG,Kendrick Lamar;Sampha,0.1809999942779541;0.5139999985694885;0.7789999842643738;0.0;0.3440000116825104;0.5170000195503235
Loco,3AgJ1mHczD8BEppHtv7h4n,Justin Quiles;Chimbala;Zion & Lennox,0.22200000286102295;0.7710000276565552;0.8849999904632568;0.0;0.05079999938607216;0.8259999752044678
Ghost,6I3mqTwhRpn34SLVafSH7G,Justin Bieber,0.1850000023841858;0.6010000109672546;0.7409999966621399;2.9099999665049836E-5;0.04780000075697899;0.4410000145435333
Everywhere - 2017 Remaster,254bXAqt3zP6P50BdQvEsq,Fleetwood Mac,0.257999986410141;0.7300000190734863;0.4869999885559082;0.009999999776482582;0.030300000682473183;0.7310000061988831
Into the Unknown,3Z0oQ8r78OUaHvGPiDBR3W,Idina Menzel;AURORA,0.8489999771118164;0.3230000138282776;0.4050000011920929;5.440000095404685E-4;0.04129999876022339;0.27399998903274536
LA NOCHE DE ANOCHE,2XIc1pqjXV3Cr2BQUGNBck,Bad Bunny;ROSALÍA,0.030300000682473183;0.8560000061988831;0.6179999709129333;0.0;0.28600001335144043;0.39100000262260437
High Fashion (feat. Mustard),07KXEDMj78x68D884wgVEm,Roddy Ricch;Mustard,0.26899999380111694;0.8309999704360962;0.49900001287460327;0.0;0.11400000005960464;0.5109999775886536
Prom Queen,6MpCaSIOfqBqbMED4kXgNY,Beach Bunny,3.910000086762011E-4;0.527999997138977;0.796999990940094;0.010999999940395355;0.048500001430511475;0.7509999871253967
I'll Be Home For Christmas,5P5rUzjpgTkZeQbr0CVdsZ,Pentatonix,0.10300000011920929;0.6019999980926514;0.49300000071525574;0.0;0.030799999833106995;0.4869999885559082
Brain Stew,1nLnpLXvl68RZCSjfkyiaa,Green Day,0.0013299999991431832;0.5590000152587891;0.5429999828338623;1.9999999494757503E-5;0.3019999861717224;0.3370000123977661
Giving You Up,3f3VeiJIaWOZcmkJpTqxyj,Kameron Marlowe,0.03660000115633011;0.5299999713897705;0.8479999899864197;0.0;0.04270000010728836;0.7490000128746033
TE MUDASTE,5RubKOuDoPn5Kj5TLVxSxY,Bad Bunny,0.23399999737739563;0.8109999895095825;0.6370000243186951;5.719999899156392E-4;0.05909999832510948;0.47099998593330383
Take on Me,2WfaOiMkCvy7F5fcp2zZ8L,a-ha,0.017999999225139618;0.5730000138282776;0.9020000100135803;0.0012499999720603228;0.05400000140070915;0.8759999871253967
Shine,77YKoNCjP5hWqiXMRG2839,Collective Soul,0.29499998688697815;0.5429999828338623;0.4230000078678131;0.08619999885559082;0.028200000524520874;0.35499998927116394
Soul Snatcher,5RJxbQThJ56Qca48kkruLL,A Boogie Wit da Hoodie,0.5690000057220459;0.7400000095367432;0.7490000128746033;0.0;0.12700000405311584;0.48899999260902405
Gotta Have It,5Pt83OUaK3K9C2if4C5JOk,JAY-Z;Kanye West,0.41100001335144043;0.7400000095367432;0.5740000009536743;0.0;0.24500000476837158;0.33000001311302185
The Christmas Song (Merry Christmas To You),4PS1e8f2LvuTFgUs1Cn3ON,Nat King Cole,0.9200000166893005;0.3190000057220459;0.20999999344348907;8.060000254772604E-5;0.0340999998152256;0.20900000631809235
Jackie Chan,4kWO6O1BUXcZmaxitpVUwp,Tiësto;Dzeko;Preme;Post Malone,0.37400001287460327;0.746999979019165;0.8339999914169312;0.0;0.04500000178813934;0.6869999766349792
ZTFO,0z36JaXXoFXuPuQucKEsdx,Big Sean,0.05139999836683273;0.7200000286102295;0.5419999957084656;3.5000000480067683E-6;0.04820000007748604;0.37400001287460327
Christmas Angels Cheer Along on Christmas,4AbRgPLuc7lZqwbW9bg3g8,Henry Janzen,0.9900000095367432;0.6669999957084656;0.00535999983549118;0.9200000166893005;0.4480000138282776;0.6230000257492065
Man Of The Year,5SsR3wtCOafDmZgvIdRhSm,ScHoolboy Q,0.00535999983549118;0.7490000128746033;0.8650000095367432;0.0;0.04129999876022339;0.3709999918937683
Can't Hold Us (feat. Ray Dalton),3bidbhpOYeV4knp8AIu8Xn,Macklemore & Ryan Lewis;Macklemore;Ryan Lewis;Ray Dalton,0.029100000858306885;0.640999972820282;0.921999990940094;0.0;0.07859999686479568;0.847000002861023
Have Yourself A Merry Little Christmas - Remastered 1999,2FPfeYlrbSBR8PwCU0zaqq,Frank Sinatra,0.9129999876022339;0.2619999945163727;0.13699999451637268;6.740000117133604E-6;0.03440000116825104;0.2879999876022339
I Don't Like,1h6kgem1ai8vUgO1rZOwfB,Chief Keef;Lil Reese,6.339999963529408E-4;0.7419999837875366;0.843999981880188;0.0;0.0478999987244606;0.41600000858306885
White Noise - 145 hz,6H4B9gJD6eQlNoEh8q85pP,Granular,0.9440000057220459;0.0;2.029999996011611E-5;0.8690000176429749;0.0;0.0
Don't Come Out The House (with 21 Savage),2Grb4G6t9VIqo6moKUloom,Metro Boomin;21 Savage,0.006610000040382147;0.8700000047683716;0.3499999940395355;4.830000107176602E-4;0.2770000100135803;0.17499999701976776
Interlude,1WOwGVtrVWtV3WW7X4TZoB,JAY-Z,0.3700000047683716;0.44600000977516174;0.9599999785423279;4.089999947609613E-6;0.6190000176429749;0.4429999887943268
Old Ties and Companions,53DVsTZvB16BDP30XmfSef,Watchhouse,0.8840000033378601;0.6570000052452087;0.36800000071525574;0.0029299999587237835;0.02810000069439411;0.5220000147819519
Creepin' (with The Weeknd & 21 Savage),4SI5jkfBClYmMWhWWH8f9p,Metro Boomin;The Weeknd;21 Savage,0.4169999957084656;0.7149999737739563;0.6200000047683716;0.0;0.04839999973773956;0.1720000058412552
DE CAROLINA,7xQdrZO18sSodsnJ7XCqto,Rauw Alejandro;Playero,0.17000000178813934;0.7950000166893005;0.9580000042915344;1.3400000398178236E-6;0.11599999666213989;0.9269999861717224
Big Stunna (feat. Birdman),1OdXwV1ZqMDuMKsPThVfSB,Quavo;Takeoff;Birdman,0.06650000065565109;0.7900000214576721;0.5509999990463257;0.0;0.0551999993622303;0.26600000262260437
Sextape,1EryAkZ0VHstC6haIxVBiE,Deftones,8.239999879151583E-4;0.367000013589859;0.6340000033378601;0.07590000331401825;0.027000000700354576;0.09640000015497208
Niagara Falls (Foot or 2) [with Travis Scott & 21 Savage],4WuOWVnAqvEQxgSRrspBgt,Metro Boomin;Travis Scott;21 Savage,0.1889999955892563;0.6710000038146973;0.6579999923706055;8.659999730298296E-5;0.3089999854564667;0.25699999928474426
Bandit (with YoungBoy Never Broke Again),1oWM79mUVdZGCGYjSirHZR,Juice WRLD;YoungBoy Never Broke Again,0.06870000064373016;0.4740000069141388;0.6309999823570251;0.0;0.34299999475479126;0.42399999499320984
Leave the Door Open,4j4lyiX7xumvMkxMIhZ2QH,Bruno Mars;Anderson .Paak;Silk Sonic,0.18199999630451202;0.5860000252723694;0.6159999966621399;0.0;0.03240000084042549;0.718999981880188
Lock On Me (with Travis Scott & Future),0WAmi1ry8xMt4UjH1t0AdI,Metro Boomin;Travis Scott;Future,0.5109999775886536;0.7459999918937683;0.4970000088214874;2.2000000171829015E-5;0.22699999809265137;0.16899999976158142
YuNg BrAtZ,2ooF4088y5L72c4YTEJQoB,XXXTENTACION,0.017899999395012856;0.7549999952316284;0.6949999928474426;0.0;0.25999999046325684;0.49300000071525574
Winter Wonderland - Remastered,3pdQTWpq09XCBosbTtYIiZ,Bing Crosby,0.8349999785423279;0.5889999866485596;0.23199999332427979;0.0;0.05790000036358833;0.5299999713897705
Blue Bills (feat. $NOT & Fenix Flexin),2ODUTBkiOWoYSUjKpGJxQE,DJ Scheme;$NOT;Fenix Flexin,0.16599999368190765;0.8199999928474426;0.49399998784065247;4.349999926489545E-6;0.18000000715255737;0.3619999885559082
Purple Hearts,1REVvAphiSTJyKQ1fDpHa4,Kendrick Lamar;Summer Walker;Ghostface Killah,0.16699999570846558;0.5669999718666077;0.8240000009536743;2.649999942150316E-6;0.29600000381469727;0.7369999885559082
Superman,4woTEX1wYOTGDqNXuavlRC,Eminem;Dina Rae,0.0215000007301569;0.8019999861717224;0.7549999952316284;0.0;0.05640000104904175;0.5799999833106995
Short Skirt / Long Jacket,3OOFEF20WqtsUPcRbPY3L7,CAKE,0.00279999990016222;0.777999997138977;0.8989999890327454;0.03449999913573265;0.045099999755620956;0.8809999823570251
Do You Want to Build a Snowman? - From "Frozen"/Soundtrack Version,2yi7HZrBOC4bMUSTcs4VK6,Kristen Bell;Agatha Lee Monn;Katie Lopez,0.8500000238418579;0.3059999942779541;0.12099999934434891;1.7600000137463212E-4;0.055399999022483826;0.16599999368190765
Laugh Now Cry Later (feat. Lil Durk),2SAqBLGA283SUiwJ3xOUVI,Drake;Lil Durk,0.24400000274181366;0.7609999775886536;0.5180000066757202;3.469999865046702E-5;0.1340000033378601;0.5220000147819519
Flowers in Your Hair,3Hvg5tRKsQlX25wYwgMF9p,The Lumineers,0.7490000128746033;0.6700000166893005;0.609000027179718;6.739999662386253E-5;0.0333000011742115;0.5730000138282776
A.D.H.D,2Fw5S2gaOSZzdN5dFoC2dj,Kendrick Lamar,0.33000001311302185;0.609000027179718;0.7990000247955322;0.0;0.23999999463558197;0.5820000171661377
I Feel It Coming,3dhjNA0jGA8vHBQ1VdD6vV,The Weeknd;Daft Punk,0.42800000309944153;0.7730000019073486;0.8190000057220459;0.0;0.11800000071525574;0.5849999785423279
kometostai.aintreallynootherwaytoputitro,7oeNO6HoCTIHIuoNUp2Ur4,Knxwledge,0.39899998903274536;0.5759999752044678;0.6359999775886536;0.05130000039935112;0.0754999965429306;0.43799999356269836
American Girl,7MRyJPksH3G2cXHN8UKYzP,Tom Petty and the Heartbreakers,0.4480000138282776;0.550000011920929;0.8240000009536743;1.2700000661425292E-4;0.033399999141693115;0.7770000100135803
Days That End In Why,4tn5fOYDtxFldIMVOVcKkc,Morgan Wallen,0.21299999952316284;0.45100000500679016;0.6179999709129333;3.220000144210644E-5;0.02630000002682209;0.4569999873638153
Wandered To LA,1Dmu4azC4XMB2GpL5psFGG,Juice WRLD;Justin Bieber,0.05090000107884407;0.6869999766349792;0.6449999809265137;2.9600000743812416E-6;0.03999999910593033;0.42399999499320984
Livin’ The Dream,2L4YgbxxwmwafMqLIjSx8q,Morgan Wallen,0.574999988079071;0.6209999918937683;0.7540000081062317;0.004840000066906214;0.026900000870227814;0.4410000145435333
Baby (Lil Baby feat. DaBaby),5MPPttjfGap2C6j6eKcO6J,Quality Control;Lil Baby;DaBaby,0.09570000320672989;0.9700000286102295;0.46299999952316284;0.0;0.3659999966621399;0.46000000834465027
Happy Xmas (War Is Over),49PrqjRWKJx7kj21ssTVxc,Andrea Bocelli;Matteo Bocelli;Virginia Bocelli,0.7699999809265137;0.19900000095367432;0.29499998688697815;0.0;0.03790000081062317;0.1979999989271164
Halo,4JehYebiI9JE8sR8MisGVb,Beyoncé,0.2720000147819519;0.5080000162124634;0.7200000286102295;0.0;0.06279999762773514;0.47200000286102295
Happy Holiday / The Holiday Season,3sDdyBHQ60Cs1opmIyRvhp,Andy Williams,0.7269999980926514;0.5049999952316284;0.45100000500679016;0.0;0.03290000185370445;0.7440000176429749
Pop Out (feat. Nardo Wick),0VOMBffX1llDu37yQUt3u3,Lil Baby;Nardo Wick,0.0024800000246614218;0.4740000069141388;0.5759999752044678;3.0899999546818435E-4;0.25699999928474426;0.2849999964237213
Burning Pile,0zMAvsQmaQ4DGsmXtKixpn,Mother Mother,0.0632999986410141;0.515999972820282;0.7549999952316284;0.0010300000431016088;0.03830000013113022;0.16500000655651093
Lock On Me (with Travis Scott & Future),0WAmi1ry8xMt4UjH1t0AdI,Metro Boomin;Travis Scott;Future,0.5109999775886536;0.7459999918937683;0.4970000088214874;2.2000000171829015E-5;0.22699999809265137;0.16899999976158142
White Noise - 145 hz,6H4B9gJD6eQlNoEh8q85pP,Granular,0.9440000057220459;0.0;2.029999996011611E-5;0.8690000176429749;0.0;0.0
Undefeatable,6EO56btPzDF3LUrfwlXi2j,SEGA SOUND TEAM;Tomoya Ohtani;Kellin Quinn,1.630000042496249E-5;0.3659999966621399;0.9739999771118164;0.047600001096725464;0.17800000309944153;0.12600000202655792
BookBag 2.0 (feat. Polo G),0vwOWwl785S9EU1wtbeLLJ,BigKayBeezy;Polo G,0.32199999690055847;0.9089999794960022;0.5410000085830688;0.0;0.4970000088214874;0.8230000138282776
I Wanna Be Yours,5XeFesFbtLpXzIVDNQP22n,Arctic Monkeys,0.13600000739097595;0.46399998664855957;0.4169999957084656;0.02199999988079071;0.025599999353289604;0.4790000021457672
Pray For Me,6huNf4dutXRjJyGn7f5BPS,The Weeknd;Kendrick Lamar,0.08669999986886978;0.7319999933242798;0.6779999732971191;2.409999979136046E-5;0.08860000222921371;0.19599999487400055
Let You Break My Heart Again,709p9UGPAuyImWf1Z3vjRo,Laufey;Philharmonia Orchestra,0.9649999737739563;0.29899999499320984;0.1420000046491623;0.11299999803304672;0.03689999878406525;0.12300000339746475
Ain't No Mountain High Enough,7tqhbajSfrz2F7E1Z75ASX,Marvin Gaye;Tammi Terrell,0.4300000071525574;0.6629999876022339;0.6000000238418579;0.0;0.03200000151991844;0.800000011920929
My Flaws Burn Through My Skin Like Demonic Flames from Hell,6QFQqqYye5lAcnhCALvxKJ,$uicideboy$,0.004480000119656324;0.7799999713897705;0.7480000257492065;5.460000247694552E-4;0.03519999980926514;0.06629999727010727
Mele Kalikimaka (Merry Christmas),04vLj9QUXoKdRlsp3gkURo,Bing Crosby;The Andrews Sisters,0.6460000276565552;0.5;0.2240000069141388;0.0;0.09350000321865082;0.6200000047683716
All Falls Down,5SkRLpaGtvYPhw02vZhQQ9,Kanye West;Syleena Johnson,0.14900000393390656;0.6570000052452087;0.734000027179718;0.0;0.48399999737739563;0.4339999854564667
Feel This Moment (feat. Christina Aguilera),0Hf4aIJpsN4Os2f0y0VqWl,Pitbull;Christina Aguilera,0.039000000804662704;0.6729999780654907;0.7580000162124634;0.0;0.15800000727176666;0.5419999957084656
Titanium,5XGSifeuKFskdDzTcxmbyw,David Guetta;Sia,0.06780000030994415;0.6039999723434448;0.7879999876022339;0.15299999713897705;0.10300000011920929;0.3009999990463257
Niagara Falls (Foot or 2) [with Travis Scott & 21 Savage],4WuOWVnAqvEQxgSRrspBgt,Metro Boomin;Travis Scott;21 Savage,0.1889999955892563;0.6710000038146973;0.6579999923706055;8.659999730298296E-5;0.3089999854564667;0.25699999928474426
Breakfast,6GUiIbJ834FcHewby3PwV0,Dove Cameron,0.05790000036358833;0.6399999856948853;0.5529999732971191;0.0;0.041099999099969864;0.4860000014305115
The Happiest Christmas Tree,5aJP0MZjb8LtPAT5WicCZm,Nat King Cole,0.753000020980835;0.49900001287460327;0.4560000002384186;0.0;0.4000000059604645;0.9399999976158142
Welcome to the Black Parade,5wQnmLuC1W7ATsArWACrgW,My Chemical Romance,2.8899998869746923E-4;0.21699999272823334;0.9049999713897705;1.1000000085914508E-4;0.07519999891519547;0.23600000143051147
Water (Drowning Pt. 2) [feat. Kodak Black],1GqTv6h6RrZzhOP3JlJlF4,A Boogie Wit da Hoodie;Kodak Black,0.04309999942779541;0.8640000224113464;0.5889999866485596;0.0;0.25099998712539673;0.4749999940395355
With Or Without You - Remastered,6ADSaE87h8Y3lccZlBJdXH,U2,2.0199999562464654E-4;0.5400000214576721;0.42899999022483826;0.35499998927116394;0.02850000001490116;0.11299999803304672
Waves,3nAq2hCr1oWsIU54tS98pL,Kanye West,0.052799999713897705;0.5569999814033508;0.5860000252723694;7.329999789362773E-6;0.03819999843835831;0.06809999793767929
Rackz got më (feat. Gunna),0Pq8CSHDXInMK8atOkWSAv,Yeat;Gunna,0.004389999900013208;0.7879999876022339;0.6029999852180481;2.3200000578071922E-4;0.10000000149011612;0.2160000056028366
My Own Summer (Shove It),1158ckiB5S4cpsdYHDB9IF,Deftones,1.3300000318849925E-5;0.4429999887943268;0.781000018119812;0.20499999821186066;0.037700001150369644;0.3720000088214874
On Time (with John Legend),5TnN3nbB9r37nESkUuHaIR,Metro Boomin;John Legend,0.7360000014305115;0.36399999260902405;0.6200000047683716;0.0022499999031424522;0.05550000071525574;0.4909999966621399
Too Many Nights - Instrumental,4ReJBi5fD6RiAQvknuRkqs,Metro Boomin,0.003470000112429261;0.6439999938011169;0.6110000014305115;0.9150000214576721;0.03660000115633011;0.33899998664855957
Homecoming,6vxU64pcIuQ38O015Zy4qj,Lil Uzi Vert,5.920000257901847E-4;0.9290000200271606;0.5630000233650208;0.0;0.49000000953674316;0.3529999852180481
Teenagers,7j31rVgGX9Q2blT92VBEA0,My Chemical Romance,0.050599999725818634;0.46299999952316284;0.8569999933242798;0.0;0.06319999694824219;0.8560000061988831
Se Amerita,3pQYf90V5idOGrXzosm9rt,Junior H,0.2639999985694885;0.7519999742507935;0.718999981880188;7.960000220919028E-5;0.02850000001490116;0.5440000295639038
Tú - En Vivo,25nTvCyHzlMp3bizueut5U,Grupo Firme;Los Elegantes de Jerez,0.15600000321865082;0.5809999704360962;0.7450000047683716;3.2499999633728294E-6;0.04179999977350235;0.5299999713897705
Cold Heart - PNAU Remix,1O4eYjHv5VUFOwUSX5OhQ5,Elton John;Dua Lipa;PNAU,0.03400000184774399;0.7960000038146973;0.7979999780654907;4.189999890513718E-5;0.031700000166893005;0.9419999718666077
American Kids,1dgWTMoHwTUnQhOQ8SR5fV,Kenny Chesney,0.047600001096725464;0.7820000052452087;0.5889999866485596;5.840000085299835E-6;0.08030000329017639;0.8489999771118164
New Rules,2ekn2ttSfGqwhhate0LSR0,Dua Lipa,0.0026100000832229853;0.7620000243186951;0.699999988079071;1.5600000551785342E-5;0.06939999759197235;0.6079999804496765
Who's Ready for Tomorrow,4mn5HdatHKN7iFGDes9G8i,RAT BOY;IBDY,0.15199999511241913;0.7509999871253967;0.7400000095367432;5.750000127591193E-5;0.04500000178813934;0.7879999876022339
Mr. Jones,5DiXcVovI0FcY2s0icWWUu,Counting Crows,0.18299999833106995;0.578000009059906;0.8169999718666077;3.059999926335877E-6;0.03629999980330467;0.7260000109672546
Killer Queen - Remastered 2011,7GqWnsKhMtEW0nzki5o0d8,Queen,0.3790000081062317;0.5350000262260437;0.6499999761581421;0.0;0.055399999022483826;0.6100000143051147
That Should Be Me,24pWn7IVgZOqjzsKyDCU07,Justin Bieber,0.21199999749660492;0.5450000166893005;0.6069999933242798;0.0;0.03220000118017197;0.2199999988079071
It's Beginning to Look a Lot Like Christmas,124ZTLXt5lhPbsTcoIYUFB,Michael Bublé,0.9079999923706055;0.33500000834465027;0.23199999332427979;8.889999662642367E-6;0.033399999141693115;0.38100001215934753
Snowman - Slowed Down & Snowed In Remix,4cqpmW0RHqS0FeEU1z3Y02,Sia,0.26899999380111694;0.4050000011920929;0.5730000138282776;0.0;0.05469999834895134;0.4009999930858612
Basketball Dreams (Intro),0TYq1cxJXPGGjO0bYHDH2L,Sleepy Hallow,0.9470000267028809;0.5870000123977661;0.28200000524520874;0.0;0.30799999833106995;0.5299999713897705
Slut Me Out,5BmB3OaQyYXCqRyN8iR2Yi,NLE Choppa,0.11699999868869781;0.9380000233650208;0.6060000061988831;0.0;0.4189999997615814;0.7059999704360962
Stereo Hearts (feat. Adam Levine),0qOnSQQF0yzuPWsXrQ9paz,Gym Class Heroes;Adam Levine,0.03189999982714653;0.6460000276565552;0.7950000166893005;0.0;0.09759999811649323;0.7960000038146973
Ya Te Perdí - Deluxe,4Nvm7kFymlxLeF5Qd69nuB,Ivan Cornejo,0.4690000116825104;0.550000011920929;0.35199999809265137;7.480000203941017E-5;0.0272000003606081;0.16899999976158142
Water Fountain,4IhKLu7Vk3j2TLmnFPl6To,Alec Benjamin,0.3880000114440918;0.7229999899864197;0.5040000081062317;7.400000322377309E-5;0.03920000046491623;0.5509999990463257
I'm Not A Vampire,7l0Lr7Tl4Gt8hQj4v3rwtf,Falling In Reverse,0.008870000019669533;0.23499999940395355;0.9649999737739563;0.0;0.2800000011920929;0.32199999690055847
La Última Vez - Deluxe,1XX3sKKZN3DfWeFpMAc2WX,Ivan Cornejo,0.621999979019165;0.5230000019073486;0.4569999873638153;0.0;0.029600000008940697;0.3199999928474426
lost souls (with Brent Faiyaz),02rdXe0KhMe8p6ZHzYtuw0,Baby Keem;Brent Faiyaz,0.48500001430511475;0.6489999890327454;0.34700000286102295;3.239999932702631E-5;0.40400001406669617;0.17599999904632568
We Belong Together,7caj6X6NMX3tlhWnu1du6V,Ritchie Valens,0.871999979019165;0.6840000152587891;0.24699999392032623;1.6599999798927456E-4;0.02810000069439411;0.7680000066757202
Notti Bop,0IEpFiWXbmfpiiUHPlPkYC,Kyle Richh;TaTa;Jenn Carter,0.4399999976158142;0.7820000052452087;0.6240000128746033;0.0;0.41499999165534973;0.6729999780654907
MoshPit (feat. Juice WRLD),4KX8vXbouybtUptEyYxtIk,Kodak Black;Juice WRLD,0.39399999380111694;0.7689999938011169;0.6269999742507935;0.0;0.2619999945163727;0.49000000953674316
STATS,0w6webWdhjRKdqJ3DeGgM1,Baby Keem,0.0019199999514967203;0.5669999718666077;0.4620000123977661;3.569999989849748E-6;0.36000001430511475;0.1720000058412552
Lit Up,1OBMSzh2ocRqK2gUFaMBSM,Buckcherry,5.34999999217689E-4;0.6520000100135803;0.8709999918937683;1.2299999980314169E-5;0.03400000184774399;0.9380000233650208
come out and play,2tf6PQ69W6zPGu7Iz93V0o,Billie Eilish,0.6930000185966492;0.6399999856948853;0.32100000977516174;0.030700000002980232;0.09300000220537186;0.1770000010728836
Lock On Me (with Travis Scott & Future),0OoNzMdPSgbkM5MkcuEZfm,Metro Boomin;Travis Scott;Future,0.5109999775886536;0.7459999918937683;0.4970000088214874;2.2000000171829015E-5;0.22699999809265137;0.16899999976158142
Victoria's Secret,4svaKoxMMP7ImmKrD5hfQu,Jax,0.006550000049173832;0.5860000252723694;0.5559999942779541;0.0;0.05920000001788139;0.5170000195503235
Who's Ready for Tomorrow,4mn5HdatHKN7iFGDes9G8i,RAT BOY;IBDY,0.15199999511241913;0.7509999871253967;0.7400000095367432;5.750000127591193E-5;0.04500000178813934;0.7879999876022339
It's the Most Wonderful Time of the Year,4xjKPpeWbUCgQo6VnJLHZB,Kylie Minogue,0.5479999780654907;0.20100000500679016;0.7620000243186951;0.0;0.05779999867081642;0.4359999895095825
Deja Vu,6I6NX6tjGsxFAsIfGzY9lJ,J. Cole,0.35199999809265137;0.6570000052452087;0.42100000381469727;2.1800000104121864E-4;0.41200000047683716;0.1809999942779541
Nights,7eqoqGkKwgOaWNNHx90uEZ,Frank Ocean,0.4269999861717224;0.4569999873638153;0.5509999990463257;1.150000002780871E-6;0.16699999570846558;0.42800000309944153
Calidad,0uBcoM4zxRXk7kmsmxoiFS,Grupo Firme;Luis Mexia,0.609000027179718;0.7310000061988831;0.4909999966621399;0.0;0.028999999165534973;0.781000018119812
Goodbyes (feat. Young Thug),0t3ZvGKlmYmVsDzBJAXK8C,Post Malone;Young Thug,0.4560000002384186;0.5479999780654907;0.652999997138977;0.0;0.08100000023841858;0.16300000250339508
Can't Help Falling in Love,44AyOl4qVkzS48vBsbNXaC,Elvis Presley,0.9409999847412109;0.3959999978542328;0.2930000126361847;1.95999993593432E-4;0.027499999850988388;0.34299999475479126
Sure Thing,0JXXNGljqupsJaZsgSbMZV,Miguel,0.02669999934732914;0.6840000152587891;0.6069999933242798;3.0700000934302807E-4;0.10000000149011612;0.49799999594688416
METAMORPHOSIS - Sped Up,6MlIIJwO4FxnOlrpOrS4hU,INTERWORLD,0.47200000286102295;0.6790000200271606;0.6899999976158142;0.9039999842643738;0.07320000231266022;0.13600000739097595
Love You Like A Love Song,0laYHRpNTS6i8FXdupHkJ4,Selena Gomez & The Scene,0.07609999924898148;0.8579999804496765;0.6779999732971191;0.0;0.04690000042319298;0.921999990940094
Tear in My Heart,3bnVBN67NBEzedqQuWrpP4,Twenty One Pilots,0.01889999955892563;0.6549999713897705;0.6320000290870667;0.0;0.048900000751018524;0.44699999690055847
Ice Cream Paint Job,57QFOU3f7O0gDLadxv5z8w,Dorrough Music,5.949999904260039E-4;0.8510000109672546;0.5979999899864197;0.0;0.4390000104904175;0.6539999842643738
Quiet Nights,0dP9zIyceQelwnN5IivkRg,Sleep Fruits,0.9459999799728394;0.3179999887943268;0.005289999768137932;0.8550000190734863;0.04650000110268593;0.07400000095367432
lost souls (with Brent Faiyaz),02rdXe0KhMe8p6ZHzYtuw0,Baby Keem;Brent Faiyaz,0.48500001430511475;0.6489999890327454;0.34700000286102295;3.239999932702631E-5;0.40400001406669617;0.17599999904632568
¿Y Todo Para Qué?,53IpyJOqUIcCzCUtMjP9oy,Intocable,0.335999995470047;0.6940000057220459;0.6370000243186951;5.400000009103678E-5;0.027400000020861626;0.7820000052452087
Rudolph the Red-Nosed Reindeer,1dtIaSlyrLI04sqYa8nLyN,Gene Autry,0.8830000162124634;0.6290000081062317;0.1589999943971634;0.0;0.0494999997317791;0.6420000195503235
The Kind of Love We Make,48UKTR66uUOT9LaUvooTNx,Luke Combs,0.022600000724196434;0.6079999804496765;0.7450000047683716;6.469999789260328E-6;0.027699999511241913;0.46399998664855957
Solo,6CZ8psaoX1BjORwizSAiQx,Future,0.05380000174045563;0.7839999794960022;0.4860000014305115;0.5009999871253967;0.04740000143647194;0.0885000005364418
Rush Hour (Feat. j-hope of BTS),5aucVLKiumD89mxVCB4zvS,Crush;j-hope,0.15700000524520874;0.7379999756813049;0.7139999866485596;0.0;0.24899999797344208;0.7400000095367432
PSYCHO,1eprzC29mwUQqcVj0eILdx,Anne-Marie;Aitch,0.013799999840557575;0.6200000047683716;0.6809999942779541;0.0;0.35600000619888306;0.7409999966621399
Lord Pretty Flacko Jodye 2 (LPFJ2),1j6kDJttn6wbVyMaM42Nxm,A$AP Rocky,0.012299999594688416;0.48500001430511475;0.7200000286102295;0.0;0.12700000405311584;0.0471000000834465
Bones,5MDaDHjf1w0w1sWpxfD0DO,Imagine Dragons,0.020600000396370888;0.7730000019073486;0.7419999837875366;0.0;0.04600000008940697;0.5709999799728394
Slide (feat. Frank Ocean & Migos),6gpcs5eMhJwax4mIfKDYQk,Calvin Harris;Frank Ocean;Migos,0.49799999594688416;0.7360000014305115;0.7950000166893005;1.2100000503778574E-6;0.054499998688697815;0.5109999775886536
Runaway (U & I),46lFttIf5hnUZMGvjK0Wxo,Galantis,0.007110000122338533;0.5059999823570251;0.8050000071525574;0.001930000027641654;0.04690000042319298;0.382999986410141
Return of the Mack,3jDdpx9PMlfMBS5tOBHFm9,Mark Morrison,0.006310000084340572;0.7149999737739563;0.8330000042915344;0.0;0.1080000028014183;0.6119999885559082
Que Vuelva,0ndYI8UT0PMaJzKLJbFr35,Alex Bueno,0.26899999380111694;0.871999979019165;0.640999972820282;0.0;0.0406000018119812;0.9430000185966492
Supalonely (feat. Gus Dapperton),3GZoWLVbmxcBys6g0DLFLf,BENEE;Gus Dapperton,0.29100000858306885;0.8619999885559082;0.6309999823570251;2.0900000527035445E-4;0.051500000059604645;0.8410000205039978
White Christmas,22i2AoOFbwQaUXbNheS4eM,Bing Crosby;Ken Darby Singers;John Scott Trotter & His Orchestra,0.9229999780654907;0.210999995470047;0.2549999952316284;0.0038300000596791506;0.03280000016093254;0.22599999606609344
i think i wanna text u,4hH46xhExjwEGfuWFgnOc3,vaultboy,0.17900000512599945;0.45399999618530273;0.4189999997615814;0.0;0.03519999980926514;0.2240000069141388
Hold My Hand,2nOy0TJPeApW8Q4lZXXd4f,Lady Gaga,0.03869999945163727;0.5189999938011169;0.6169999837875366;0.0;0.031300000846385956;0.22200000286102295
traitor,6urC451nO2vYVsazEnwPwZ,Olivia Rodrigo,0.6909999847412109;0.3799999952316284;0.33899998664855957;0.0;0.033799998462200165;0.08489999920129776
World of Our Own,4SAHTVRe6EBhgAOWl49yPf,Westlife,0.016300000250339508;0.7070000171661377;0.7649999856948853;0.0;0.0340999998152256;0.9229999780654907
La Vida Que Me Toco,6bfWlv6O2dvBkH0yDU4ImK,JR Torres,0.1860000044107437;0.7289999723434448;0.8690000176429749;0.0;0.08789999783039093;0.7839999794960022
If You See Her,3coUcc0CDAHz2QwdP7Pee8,LANY,0.03750000149011612;0.6349999904632568;0.6790000200271606;0.0;0.08609999716281891;0.23899999260902405
Iyong Iyo,6RUEFRLol05iSCzQaCHNK5,Zack Tabudlo,0.3540000021457672;0.6340000033378601;0.3400000035762787;0.0;0.03400000184774399;0.4129999876022339
Ride,2Z8WuEywRWYTKe1NybPQEW,Twenty One Pilots,0.008349999785423279;0.6449999809265137;0.7129999995231628;0.0;0.03929999843239784;0.5659999847412109
Car's Outside,6jvTpVbUlrKtrbnELAp8n5,James Arthur,0.03359999880194664;0.1850000023841858;0.5690000057220459;0.0;0.03060000017285347;0.2980000078678131
ME USA - Ao Vivo,4JfyoXQTgL7SGr8G2nuxHB,Luan Santana,0.07819999754428864;0.593999981880188;0.8790000081062317;0.0;0.0414000004529953;0.8510000109672546
Summertime Sadness (Lana Del Rey Vs. Cedric Gervais) - Cedric Gervais Remix,7uDGoqewbLXiH21MUGPzAa,Lana Del Rey;Cedric Gervais,0.014700000174343586;0.5720000267028809;0.8100000023841858;6.939999821042875E-6;0.05570000037550926;0.10599999874830246
Angel of Mine,1AM1o0mKbgAK5oMpY8B3Z7,Monica,0.0037299999967217445;0.5920000076293945;0.5619999766349792;3.229999856557697E-5;0.023900000378489494;0.20800000429153442
Until I Found You,0xZNb3npka5DFiYDxZFSMN,Stephen Sanchez,0.7269999980926514;0.5389999747276306;0.5080000162124634;0.0;0.02879999950528145;0.22699999809265137
First Class,49USYtDZ2DU4wApMb93uMs,Jack Harlow,0.02539999969303608;0.9049999713897705;0.5630000233650208;9.71000008576084E-6;0.10199999809265137;0.3240000009536743
Alejandro,5PPLKZh3r4kL8mnvrhNMyP,Lady Gaga,4.1000000783242285E-4;0.6330000162124634;0.796999990940094;0.0021100000012665987;0.04729999974370003;0.33799999952316284
Hymn for the Weekend - Seeb Remix,5yffVcgMrp8VNdLpxFdcq9,Coldplay;Seeb,0.008679999969899654;0.5640000104904175;0.8489999771118164;4.6800000745861325E-6;0.05169999971985817;0.4269999861717224
All For Us,76YSWx6L6FNsuaP6GWBb8P,Labrinth;Zendaya,0.01080000028014183;0.46000000834465027;0.6600000262260437;1.3899999612476677E-4;0.06520000100135803;0.18000000715255737
ミリオン・リーズンズ,3H0AKExiPimZ5Ci24HEhff,Lady Gaga,0.49399998784065247;0.6660000085830688;0.4230000078678131;0.0;0.042899999767541885;0.15399999916553497
Shivers,4akQJU8aVPtawK4NpKCVWK,Ed Sheeran,0.2809999883174896;0.7879999876022339;0.859000027179718;0.0;0.08560000360012054;0.8220000267028809
Face It Alone,1qr9bymNcBLy71PnO15jWi,Queen,0.3199999928474426;0.4129999876022339;0.38999998569488525;2.3799999326001853E-4;0.03460000082850456;0.3499999940395355
Blinding Lights,7sqC5YIcKUezSs2MMGKSoR,The Weeknd,0.0014700000174343586;0.5120000243186951;0.7960000038146973;2.0900000527035445E-4;0.06449999660253525;0.3440000116825104
Pangarap Lang Kita,2Hyctbbu32vH8L4kJfVi0O,Parokya Ni Edgar;Happee Sy,0.4620000123977661;0.7279999852180481;0.33399999141693115;7.810000170138665E-6;0.03319999948143959;0.4009999930858612
Life Goes On,5FVbvttjEvQ8r2BgUcJgNg,BTS,0.006909999996423721;0.5659999847412109;0.7160000205039978;0.0;0.042399998754262924;0.44999998807907104
Heart of Worship,3DWPfwRsQgOQDfWKvYipS8,Natashia Midori,0.7860000133514404;0.5059999823570251;0.40799999237060547;0.0;0.029999999329447746;0.3449999988079071
I'm Good (Blue),6zH00actrL0iyhUGGicVrx,David Guetta;Bebe Rexha,0.0038300000596791506;0.5609999895095825;0.9649999737739563;7.069999810482841E-6;0.034299999475479126;0.30399999022483826
I'll Be Home for Christmas,65wohhq9Yf4Rwf8LMLD18E,Michael Bublé,0.9340000152587891;0.28999999165534973;0.10199999809265137;4.999999873689376E-5;0.03139999881386757;0.1340000033378601
Motion Sickness,5xo8RrjJ9CVNrtRg2S3B1R,Phoebe Bridgers,0.7739999890327454;0.6510000228881836;0.5460000038146973;0.043699998408555984;0.0357000008225441;0.6230000257492065
Won't Go Home Without You,6WEBwvsmpaoGxka0tSh5a7,Maroon 5,0.01489999983459711;0.7369999885559082;0.6150000095367432;0.0;0.031700000166893005;0.4099999964237213
Have You Ever Seen The Rain,2LawezPeJhN4AWuSB0GtAU,Creedence Clearwater Revival,0.06639999896287918;0.7409999966621399;0.6970000267028809;2.28000008064555E-5;0.027699999511241913;0.7739999890327454
Wonder,0MJoL9RSbYhYGAj0IohEA0,Shawn Mendes,0.13099999725818634;0.3330000042915344;0.6370000243186951;1.8000000636675395E-5;0.05810000002384186;0.13199999928474426
Hotline Bling,0wwPcA6wtMf6HUMpIRdeP7,Drake,0.002580000087618828;0.890999972820282;0.628000020980835;1.900000061141327E-4;0.05510000139474869;0.5519999861717224
TV,29cjJOQESYmwglNkbvQbsF,Billie Eilish,0.8299999833106995;0.41200000047683716;0.23600000143051147;0.0065299998968839645;0.03790000081062317;0.11900000274181366
Just Friends,0tjYK2gtxo8fT2kdD4XGeF,Why Don't We,0.014299999922513962;0.6039999723434448;0.7160000205039978;0.0;0.049800001084804535;0.7820000052452087
Opening Sequence,1exxGxUMlJWD1h9YcE9YZH,TOMORROW X TOGETHER,0.16699999570846558;0.609000027179718;0.6399999856948853;0.0;0.05389999970793724;0.44200000166893005
Have Yourself a Merry Little Christmas,1WmjVCNxbahiz3gTvx4v50,Michael Bublé,0.5989999771118164;0.25;0.2770000100135803;0.0017300000181421638;0.032499998807907104;0.20200000703334808
The Next Time I Fall (with Amy Grant),7zSDDsIlks515d0tZGM64x,Peter Cetera;Amy Grant,0.43799999356269836;0.6449999809265137;0.4309999942779541;6.339999963529408E-4;0.0272000003606081;0.335999995470047
2step,4Un18ww9qRMDEr6AgAOQdO,Ed Sheeran;Lil Baby,0.1379999965429306;0.6930000185966492;0.6430000066757202;0.0;0.0828000009059906;0.47699999809265137
Losing My Religion,31AOj9sFz2gM0O3hMARRBx,R.E.M.,0.17900000512599945;0.6660000085830688;0.8550000190734863;1.2000000424450263E-6;0.029500000178813934;0.8029999732971191
Brown Eyes,1urmwhtXPiakhcqvqUi3rp,Destiny's Child,0.25;0.5659999847412109;0.5730000138282776;0.0;0.04360000044107437;0.31299999356269836
Lift Me Up - From Black Panther: Wakanda Forever - Music From and Inspired By,35ovElsgyAtQwYPYnZJECg,Rihanna,0.8989999890327454;0.24699999392032623;0.29899999499320984;0.0;0.03150000050663948;0.1720000058412552
VoiceMail,7lH8iMOtgwDdrHQmoyJ7ny,Liltrxptendo;Emmanutell,0.38100001215934753;0.847000002861023;0.45399999618530273;4.600000011123484E-6;0.13500000536441803;0.5590000152587891
Go Crazy,1IIKrJVP1C9N7iPtG6eOsK,Chris Brown;Young Thug,0.3160000145435333;0.7549999952316284;0.578000009059906;0.0;0.14499999582767487;0.5809999704360962
Leave the Door Open,1sHtogOdWikt8WsK4b1PQ0,Bruno Mars;Anderson .Paak;Silk Sonic,0.18199999630451202;0.5860000252723694;0.6159999966621399;0.0;0.03240000084042549;0.718999981880188
Future Perfect (Pass the MIC),6PRy17C5LiiN7VCLS6IA98,ENHYPEN,0.036400001496076584;0.6579999923706055;0.8999999761581421;0.0;0.2639999985694885;0.5260000228881836
2step,4TK4I37WegLSHzFvRsbnie,Ed Sheeran;Lil Baby,0.1379999965429306;0.6930000185966492;0.6430000066757202;0.0;0.0828000009059906;0.47699999809265137
Pushin P,4XrvYBQWnaJzNgJk5yp5AD,Gunna;Future;Young Thug,0.007829999551177025;0.7730000019073486;0.421999990940094;0.006930000148713589;0.18700000643730164;0.4880000054836273
ocean eyes,7hDVYcQq6MxkdJGweuCtl9,Billie Eilish,0.8159999847412109;0.5109999775886536;0.3630000054836273;0.031700000166893005;0.04100000113248825;0.16899999976158142
When You Say Nothing At All,0gcjc7Vt5xtcfmJgf6g2IO,Ronan Keating,0.16099999845027924;0.460999995470047;0.4480000138282776;1.1800000265793642E-6;0.02459999918937683;0.4180000126361847
Dear. My Fool (WEBTOON 'Discovery of Love' X Lee Seok Hoon),2nWmHvBuS5ukeu3ozEy9WC,Lee Seok Hoon,0.49399998784065247;0.3700000047683716;0.5040000081062317;0.0;0.031099999323487282;0.28700000047683716
In Da Getto,5qkA6cI78zuJOJbDrwpH2L,J Balvin;Skrillex,0.01769999973475933;0.9240000247955322;0.7229999899864197;2.6100000468431972E-5;0.04659999907016754;0.6430000066757202
Call Out My Name,6n9o5EwFFyx6PD2rcRyLil,The Weeknd,0.19099999964237213;0.46799999475479126;0.6079999804496765;0.0;0.03629999980330467;0.1459999978542328
Do It Right,3pmVBcH9zY7zJzHFfssloV,Don Toliver,0.3499999940395355;0.7730000019073486;0.5400000214576721;0.0;0.07169999927282333;0.4259999990463257
Secreto,7uleulwKaeHK4DSo66oMNT,Anuel AA;KAROL G,0.6000000238418579;0.8069999814033508;0.8029999732971191;0.008500000461935997;0.12600000202655792;0.7059999704360962
White Christmas,22i2AoOFbwQaUXbNheS4eM,Bing Crosby;Ken Darby Singers;John Scott Trotter & His Orchestra,0.9229999780654907;0.210999995470047;0.2549999952316284;0.0038300000596791506;0.03280000016093254;0.22599999606609344
FIANCÉ,6Tw2x3wavaWsboio2Cy44I,MINO,0.026000000536441803;0.6639999747276306;0.7369999885559082;0.0;0.030400000512599945;0.5049999952316284
Evergreen (You Didn’t Deserve Me At All),2TktkzfozZifbQhXjT6I33,Omar Apollo,0.5979999899864197;0.6970000267028809;0.335999995470047;0.005280000157654285;0.042399998754262924;0.3100000023841858
dawn call from you,6q5qD963d6AuwUF7NAcVhl,Han Dong Geun,0.47600001096725464;0.5289999842643738;0.49900001287460327;0.0;0.03240000084042549;0.16899999976158142
Umm Hmm,6ibiaynQy96GmjrEL7Rpps,YoungBoy Never Broke Again,0.008150000125169754;0.7630000114440918;0.7089999914169312;0.0;0.19900000095367432;0.2770000100135803
Yellow,7KMVn8OVT0d1kKHx2vFUfk,Coldplay,0.0023900000378489494;0.42899999022483826;0.6610000133514404;1.2099999730708078E-4;0.02810000069439411;0.2849999964237213
SMELLS LIKE INCENSE,0eFfJLwJRuCDuuFbckaAM0,Jack Harlow,0.020899999886751175;0.9520000219345093;0.5519999861717224;0.0;0.06199999898672104;0.33399999141693115
That XX,7g97EfyxPG5XZgYmLig9ML,G-DRAGON,0.5329999923706055;0.7639999985694885;0.4699999988079071;0.0;0.043299999088048935;0.8009999990463257
Dirty Sexy Money,5IvXKQb03NhfsjjkqErBWJ,David Guetta;Afrojack;Charli XCX;French Montana,0.07890000194311142;0.7260000109672546;0.8730000257492065;0.0;0.08349999785423279;0.5649999976158142
If By Chance - slowed + reverb,3s5qoqvycRN4GZx9NFywnX,Ruth B.;slater,0.8100000023841858;0.20399999618530273;0.16599999368190765;2.8699998892989242E-6;0.03240000084042549;0.1809999942779541
Joy To The World,679UZKyz7G4PJN1rhCrfZJ,Nat King Cole,0.8939999938011169;0.5899999737739563;0.3050000071525574;0.0;0.03200000151991844;0.5450000166893005
Danza Kuduro,2rpOKOsucAGEhPR60Yl2BE,Don Omar;Lucenzo,0.07729999721050262;0.699999988079071;0.9169999957084656;0.0;0.11500000208616257;0.8880000114440918
Tell me you love me,0U5HgFCn3EJN2zZqI0KGfJ,Tophyun,0.7760000228881836;0.7160000205039978;0.5569999814033508;0.0;0.030799999833106995;0.625
traitor,5ce9kbfGQ1TaU5V4heqWBj,Olivia Rodrigo,0.6909999847412109;0.3799999952316284;0.33899998664855957;0.0;0.033799998462200165;0.08489999920129776
Lover,2KhqO1J6cRQKoe2ZJNJZer,Taylor Swift,0.492000013589859;0.35899999737739563;0.5429999828338623;1.5699999494245276E-5;0.09149999916553497;0.453000009059906
Two®,4H38d35i2Vav3JQaML6LhI,Lil Uzi Vert,0.4269999861717224;0.47999998927116394;0.6420000195503235;0.0;0.03790000081062317;0.03739999979734421
Honest,6SwuY3kiJ3TQWOKgHwGCQa,Justin Bieber;Don Toliver,0.12700000405311584;0.8100000023841858;0.6549999713897705;8.160000288626179E-5;0.0697999969124794;0.8090000152587891
up at night,5ZzgMZptNiOnalEDJCXTOz,Kehlani;Justin Bieber,0.19599999487400055;0.5630000233650208;0.7559999823570251;0.0;0.05790000036358833;0.23399999737739563
The One That Got Away - Acoustic,14Pr3D3h2l8cn3plAJi4IU,Katy Perry,0.6650000214576721;0.7110000252723694;0.4410000145435333;0.0;0.03869999945163727;0.3230000138282776
Walk,3KBOvEENcVzfapriKimhey,Kodak Black,0.03700000047683716;0.8169999718666077;0.5120000243186951;0.0;0.09839999675750732;0.17000000178813934
The Good Part,0dgrFwOa0RrFzWcM0azTzx,AJR,0.08579999953508377;0.28700000047683716;0.4729999899864197;4.400000034365803E-5;0.03400000184774399;0.5770000219345093
drivers license,1sPcr7OX7dUaZji2nDPOUq,Olivia Rodrigo,0.7210000157356262;0.5849999785423279;0.4359999895095825;1.3099999705445953E-5;0.060100000351667404;0.13199999928474426
Last Christmas,7IguZUbEN3K37mQ2lTI4Uq,Johnny Orlando,0.026200000196695328;0.7120000123977661;0.7269999980926514;8.029999662539922E-6;0.032999999821186066;0.675000011920929
Anyżowe żelki,7AGGiiTX5RhsVM2rYF6s5O,Chivas,0.33500000834465027;0.7379999756813049;0.7829999923706055;0.0;0.22699999809265137;0.718999981880188
Aloha,1hOEq5q9L41E2YbLhVvW5x,CHO JUNG SEOK,0.4009999930858612;0.671999990940094;0.6010000109672546;0.0;0.024000000208616257;0.4869999885559082
Left and Right,0NQEGFBjt78wKhadg5fcsj,Charlie Puth;Jung Kook,0.6190000176429749;0.8809999823570251;0.5920000076293945;1.3199999557400588E-5;0.03240000084042549;0.718999981880188
I'm Good (Blue),6zH00actrL0iyhUGGicVrx,David Guetta;Bebe Rexha,0.0038300000596791506;0.5609999895095825;0.9649999737739563;7.069999810482841E-6;0.034299999475479126;0.30399999022483826
Wi Ing Wi Ing,66UcQu5LBo2A7AC0A5r0lI,HYUKOH,0.2619999945163727;0.699999988079071;0.6959999799728394;0.0;0.05249999836087227;0.2930000126361847
Starboy,55GvVxVmVRP5qH6PMyV4lg,The Weeknd;Daft Punk,0.13699999451637268;0.6759999990463257;0.5879999995231628;8.469999556837138E-6;0.2750000059604645;0.48399999737739563
Hoje Eu Vou Te Usar,3dgR7oDvNfhUH3AdVBCBeI,Mari Fernandez;Felipe Amorim,0.1899999976158142;0.8769999742507935;0.8640000224113464;5.750000127591193E-6;0.04399999976158142;0.9449999928474426
WOW (Prod. GroovyRoom),7ess2wDLy17GpjWSWJuIw0,GroovyRoom;lIlBOI,0.27300000190734863;0.6600000262260437;0.8399999737739563;0.0;0.26499998569488525;0.3799999952316284
Bad Habits,7wmnwQpjDRnu1RykGePZMe,Ed Sheeran,0.045099999755620956;0.8069999814033508;0.8930000066757202;2.789999962260481E-5;0.034699998795986176;0.5370000004768372
Love me if you dare - Best Album Version,23GP43QkSKfQ6tWWbp2psd,PD블루,0.5239999890327454;0.8270000219345093;0.9229999780654907;0.0;0.20800000429153442;0.6039999723434448
Cold Heart - PNAU Remix,5QaQD0ReShn4LmdAvp2slJ,Elton John;Dua Lipa;PNAU,0.03400000184774399;0.7960000038146973;0.7979999780654907;4.189999890513718E-5;0.031700000166893005;0.9419999718666077
Or Nah,3H8GtecrYqv0TlgaVQwQ0Y,Ty Dolla $ign;Wiz Khalifa;DJ Mustard,0.06539999693632126;0.8320000171661377;0.3199999928474426;2.859999995052931E-6;0.048700001090765;0.06889999657869339
Enemy - from the series Arcane League of Legends,5TAHx8wdmPVkVgBudeG2tA,Imagine Dragons;JID;Arcane;League of Legends,0.2370000034570694;0.7279999852180481;0.7829999923706055;0.0;0.26600000262260437;0.5550000071525574
After Last Night,4T1ASEidulQAkcswocHbh5,Bruno Mars;Anderson .Paak;Silk Sonic;Thundercat;Bootsy Collins,0.02969999983906746;0.6510000228881836;0.703000009059906;0.0;0.08160000294446945;0.6470000147819519
Future,5DMjG8KWIgDpROLAunoVic,j-hope,0.06520000100135803;0.7170000076293945;0.8220000267028809;0.0;0.08789999783039093;0.7639999985694885
Made You Look,2YSdxfSIhGgg1zUsmJVC2h,Meghan Trainor,0.32199999690055847;0.8360000252723694;0.5009999871253967;1.8599999975776882E-6;0.06199999898672104;0.8379999995231628
After Last Night,6RRyqkNx03kAinhAjpAEDh,Bruno Mars;Anderson .Paak;Silk Sonic;Thundercat;Bootsy Collins,0.02969999983906746;0.6510000228881836;0.703000009059906;0.0;0.08160000294446945;0.6470000147819519
Unstoppable,2S4aqrVE364mSHA3DrvgDT,Sia,0.11699999868869781;0.4690000116825104;0.7670000195503235;4.50999999884516E-4;0.07500000298023224;0.25099998712539673
My Head & My Heart,1KixkQVDUHggZMU9dUobgm,Ava Max,0.06970000267028809;0.6140000224113464;0.9340000152587891;0.0;0.07000000029802322;0.4359999895095825
I Kissed A Girl,0ZhDz6kUfHEyWnforRNMt2,Katy Perry,0.002259999979287386;0.6809999942779541;0.7540000081062317;0.0;0.094200000166893;0.7540000081062317
Mama Me Dice,6DmVhf4ksuT9XbIl8qYUqi,Morad,0.6050000190734863;0.628000020980835;0.7289999723434448;5.660000024363399E-4;0.05820000171661377;0.37700000405311584
De las 2 (feat. Bad Bunny & Arcángel),4DS7HoqrKq1dDjeYOKBlu9,Trap Capos;Noriel;Bad Bunny;Arcángel,0.7099999785423279;0.7440000176429749;0.6959999799728394;0.0;0.11699999868869781;0.4059999883174896
Lucid Dreams,0YZT81QtIrVpIeDNPREHph,Juice WRLD,0.3490000069141388;0.5109999775886536;0.5659999847412109;0.0;0.20000000298023224;0.21799999475479126
Playa,6YK3FbdHFdFC3k4Yb05MfS,A Boogie Wit da Hoodie;Ella Bands,0.27399998903274536;0.6690000295639038;0.7870000004768372;0.0;0.3799999952316284;0.9169999957084656
Someone Like You,3bNv3VuUOKgrf5hu3YcuRo,Adele,0.8930000066757202;0.5559999942779541;0.3190000057220459;0.0;0.02810000069439411;0.2939999997615814
It's Beginning To Look A Lot Like Christmas,50tHmIZThTpmXkQiTMR4n0,Bing Crosby,0.7649999856948853;0.4880000054836273;0.210999995470047;0.0;0.04800000041723251;0.5740000009536743
A Sky Full of Stars,0FDzzruyVECATHXKHFs9eJ,Coldplay,0.006169999949634075;0.5450000166893005;0.675000011920929;0.001970000099390745;0.027899999171495438;0.16200000047683716
I Know What You Did Last Summer,13iIld31hLpwuCLAQncs3f,Shawn Mendes;Camila Cabello,0.10599999874830246;0.6850000023841858;0.7670000195503235;0.0;0.09740000218153;0.722000002861023
On Repeat,7Drv04mBkZtF79XvTQatKl,Robin Schulz;David Guetta,0.02459999918937683;0.609000027179718;0.8009999990463257;0.0025500000920146704;0.06939999759197235;0.20200000703334808
Dancing With A Stranger,0XIjLhbvFQHHlKbCWI8P0C,Sam Smith;Normani,0.44699999690055847;0.7409999966621399;0.5199999809265137;1.97000008483883E-6;0.06560000032186508;0.34700000286102295
Drawing Symbols,3wBnvZp0012uUMdP4GTBml,YoungBoy Never Broke Again,0.1589999943971634;0.5139999985694885;0.722000002861023;0.0;0.16200000047683716;0.1979999989271164
Zenzenzense - movie ver.,2DLrgv7HhJanCuD8L9uJLR,RADWIMPS,4.3899999582208693E-4;0.32100000977516174;0.906000018119812;0.0;0.14100000262260437;0.640999972820282
#RapSinCorte L,1POeUrfkWVRPjaUbf5fgca,Foyone;Bejo;Dollar Selmouni;Easy-S;Elio Toffana;FERNANDOCOSTA;Kase.O;Las Ninyas del Corro;Moneo;Ptazeta;Recycled J;Sceno;Sofía Gabanna;Spok Sponha;ToteKing,0.2029999941587448;0.5789999961853027;0.7839999794960022;0.0;0.27300000190734863;0.8040000200271606
Somebody Told Me,7wdLh0GUYCvU6E6FhBPBbJ,The Killers,8.22000001790002E-5;0.5080000162124634;0.9810000061988831;4.490000137593597E-4;0.0778999999165535;0.7459999918937683
Hold Me While You Wait,60iSKGrGazRzICtMjADNSM,Lewis Capaldi,0.4429999887943268;0.6880000233650208;0.5299999713897705;0.0;0.0333000011742115;0.16200000047683716
Feliz Cumpleaños Ferxxo,2CeKVsFFXG4QzA415QygGb,Feid,0.08630000054836273;0.8650000095367432;0.5730000138282776;0.0;0.06780000030994415;0.5630000233650208
deja vu,1A36SVjSZ57QKPznLtLeEa,Olivia Rodrigo,0.5929999947547913;0.4390000104904175;0.6100000143051147;1.06999996205559E-5;0.11599999666213989;0.1720000058412552
Friends,62qIVPpTFse2HMTkq9TbhY,Ed Sheeran,0.7820000052452087;0.5199999809265137;0.15800000727176666;1.3300000318849925E-6;0.06700000166893005;0.4560000002384186
Alegría de Vivir,4sJtmGdpGZKr8XMfiyJj3E,Tu Otra Bonita,0.5519999861717224;0.7599999904632568;0.5270000100135803;4.319999789004214E-6;0.05790000036358833;0.699999988079071
Leave Before You Love Me (with Jonas Brothers),4qu63nuBpdn0qHUHuObEj1,Marshmello;Jonas Brothers,0.002259999979287386;0.7210000157356262;0.7379999756813049;4.410000201460207E-6;0.040300000458955765;0.6370000243186951
A Sky Full of Stars,7639VGqb6MJjWq7gw7fpVB,Coldplay,0.006169999949634075;0.5450000166893005;0.675000011920929;0.001970000099390745;0.027899999171495438;0.16200000047683716
Left and Right,34lgCOF0rsVN2PAPjCPqzZ,Charlie Puth;Jung Kook,0.6190000176429749;0.8809999823570251;0.5920000076293945;1.3199999557400588E-5;0.03240000084042549;0.718999981880188
Lover,3Nrtvbc9ZjrMpeDJ2QYsEi,Taylor Swift,0.492000013589859;0.35899999737739563;0.5429999828338623;1.5699999494245276E-5;0.09149999916553497;0.453000009059906
Enemy - from the series Arcane League of Legends,1N3gof10rqjh4zwz0zHwaK,Imagine Dragons;JID;Arcane;League of Legends,0.2370000034570694;0.7279999852180481;0.7829999923706055;0.0;0.26600000262260437;0.5550000071525574
Balada do Buteco - Ao Vivo,21yBrA4N8fhBQl5TLQ82vh,Gusttavo Lima,0.19200000166893005;0.8230000138282776;0.9340000152587891;0.0;0.04470000043511391;0.9670000076293945
Hasta Que Se Seque el Malecón (feat. Farruko) - Remix,6sMPwcpYtxm1mlgYbp1B0t,Jacob Forever;Farruko,0.3619999885559082;0.7850000262260437;0.8379999995231628;6.4300002122763544E-6;0.038100000470876694;0.7649999856948853
Just Dance,4sec4ifzZKzfCbjHViC1Jo,Lady Gaga;Colby O'Donis,0.03180000185966492;0.8130000233650208;0.7400000095367432;1.4299999747890979E-5;0.03269999846816063;0.6990000009536743
Sur y Norte,5SMNzC4twfxy9c9JVlwfCZ,Ñengo Flow;Anuel AA,0.30399999022483826;0.7409999966621399;0.5479999780654907;0.0;0.15299999713897705;0.2849999964237213
Yo Quería,7yYN70n6NTdA3NCHfdbKn1,Cristian Castro,0.5960000157356262;0.4560000002384186;0.6679999828338623;0.0;0.035100001841783524;0.18299999833106995
For My Hand,68FH1CSYNnljhEpc1vxb8z,Burna Boy;Ed Sheeran,0.16099999845027924;0.8700000047683716;0.4790000021457672;1.5700000221841037E-4;0.16500000655651093;0.7170000076293945
La Boca Junta,0wA3AZzA0gp0wfSS0SpZt5,Melendi;Mau y Ricky,0.46399998664855957;0.6629999876022339;0.8360000252723694;0.0;0.03840000182390213;0.8019999861717224
Contando Lunares (feat. Cruz Cafuné),6uW0PIRcyZLvkoonm763xD,Don Patricio;Cruz Cafuné,0.44200000166893005;0.8560000061988831;0.5230000019073486;0.0;0.13099999725818634;0.7089999914169312
La Placita,5ZmmNBKHKLDureKMGrRHCJ,Delaossa;Easy-S;J.Moods,0.7730000019073486;0.5640000104904175;0.5339999794960022;0.0;0.3409999907016754;0.656000018119812
La última - De La Serie "La última",65XxnbzaflcACTIOHum0A6,Aitana,0.49799999594688416;0.6850000023841858;0.5109999775886536;0.0;0.0471000000834465;0.25099998712539673
Have Yourself A Merry Little Christmas,7Jv9FmMkHDDXMtORtu9Lbo,Sam Smith,0.9570000171661377;0.43799999356269836;0.17800000309944153;1.0999999631167157E-6;0.0414000004529953;0.3440000116825104
Uptown Funk (feat. Bruno Mars),32OlwWuMpZ6b0aN2RZOeMS,Mark Ronson;Bruno Mars,0.008009999990463257;0.8560000061988831;0.609000027179718;8.150000212481245E-5;0.08240000158548355;0.9279999732971191
Flow 2000 - Remix,7fRtruULHGuwC0wNRx1HSa,Bad Gyal;Beny Jr,0.07599999755620956;0.7879999876022339;0.7749999761581421;0.0;0.09300000220537186;0.45399999618530273
B.O.T.A. (Baddest Of Them All) - Edit,39JofJHEtg8I4fSyo7Imft,Eliza Rose;Interplanetary Criminal,0.164000004529953;0.7360000014305115;0.906000018119812;0.5849999785423279;0.04800000041723251;0.6980000138282776
L-O-V-E,4Mytu3AUAaLNsCItCiUgvp,Nat King Cole,0.6859999895095825;0.42500001192092896;0.37299999594688416;0.0;0.08009999990463257;0.6629999876022339
Gir Gaya Jhumka Girne Do (Jhankar Beats),5tlgYwmjmcIAMU49q3DtWE,Lata Mangeshkar;Kishore Kumar;DJ Harshit Shah;DJ MHD IND,0.5070000290870667;0.4180000126361847;0.824999988079071;0.0;0.3240000009536743;0.6039999723434448
Qué Más Pues?,6hf0RpxTbOprT5nnwzkk8e,J Balvin;Maria Becerra,0.026100000366568565;0.890999972820282;0.8190000057220459;3.539999888744205E-4;0.10599999874830246;0.7680000066757202
Unstoppable,5JIlhUVAk81idBuhx8CL7S,Sia,0.11699999868869781;0.4690000116825104;0.7670000195503235;4.50999999884516E-4;0.07500000298023224;0.25099998712539673
Quizás,42s5p3qBzuiaCJ9tSTLsXy,Afaz Natural,0.29499998688697815;0.5960000157356262;0.6480000019073486;0.0;0.17900000512599945;0.3720000088214874
On Melancholy Hill,17HthwhKnT8HPd3bUbOCce,Gorillaz,1.5400000847876072E-5;0.6890000104904175;0.7390000224113464;0.5149999856948853;0.026000000536441803;0.578000009059906
La del Futbol,5Dcp4gDfWUPyFsXFolQn80,ZOO,0.02370000071823597;0.8629999756813049;0.8360000252723694;4.609999905369477E-6;0.1899999976158142;0.5609999895095825
Dónde está el amor (feat. Jesse & Joy),0CjaLvAqN97KPVWgOJ1vbD,Pablo Alborán;Jesse & Joy,0.17299999296665192;0.597000002861023;0.8479999899864197;0.0;0.0406000018119812;0.3240000009536743
Chandelier,1JEpjKBMUcP8HOPPSRBZ9P,Sia,0.09350000321865082;0.3610000014305115;0.7009999752044678;0.0;0.05469999834895134;0.6290000081062317
My Only Wish (This Year),0YWUHZPJVg4iujddsJDwhM,Britney Spears,0.16899999976158142;0.6690000295639038;0.8429999947547913;0.0;0.026799999177455902;0.7020000219345093
Knee Deep (feat. Jimmy Buffett),60IGhnH20N82dNxKnc8jDd,Zac Brown Band;Jimmy Buffett,0.4320000112056732;0.7149999737739563;0.5839999914169312;1.4099999816608033E-6;0.029600000008940697;0.609000027179718
The Chain - 2004 Remaster,5e9TFTbltYBg2xThimr0rU,Fleetwood Mac,0.008999999612569809;0.5450000166893005;0.6700000166893005;8.219999726861715E-4;0.04960000142455101;0.48100000619888306
Frosty The Snowman,6ifhWBVQ3gSvHnSrGWzcTw,Ella Fitzgerald,0.7329999804496765;0.5789999961853027;0.5019999742507935;0.0;0.05130000039935112;0.8360000252723694
Hotel,0JzG1wJuB4v9UPkSE7LMXi,Montell Fish,0.7519999742507935;0.2280000001192093;0.4269999861717224;0.016699999570846558;0.03629999980330467;0.19200000166893005
FOR FUN,60PTOzcoFycWBICdumIsFQ,Lil Uzi Vert,0.15700000524520874;0.7749999761581421;0.460999995470047;0.0;0.12399999797344208;0.13099999725818634
La Forma en Que Me Miras,6t94PGXYAuo9GbJEnMpPcW,Super Yei;Sammy;Myke Towers;Lenny Tavárez;Rafa Pabön,0.14900000393390656;0.656000018119812;0.6620000004768372;8.320000233652536E-6;0.19099999964237213;0.5730000138282776
I Can't Save You (Interlude) [with Future & feat. Don Toliver],3mZr3vfIUmDcSUuB7e6cDa,Metro Boomin;Future;Don Toliver,0.04879999905824661;0.6759999990463257;0.6890000104904175;0.0;0.19499999284744263;0.36899998784065247
Rich & Sad,2VdT56BGpdqNHUgOe1j5vc,Post Malone,0.1979999989271164;0.5989999771118164;0.5709999799728394;0.0;0.06650000065565109;0.2849999964237213
Backpack,4Yrl7HbCo4xgkalAG985RF,Edicion Especial,0.33799999952316284;0.8360000252723694;0.7879999876022339;8.930000331019983E-5;0.0421999990940094;0.9369999766349792
My Only Wish (This Year),0YWUHZPJVg4iujddsJDwhM,Britney Spears,0.16899999976158142;0.6690000295639038;0.8429999947547913;0.0;0.026799999177455902;0.7020000219345093
The First Noel - Remastered 1999,6keKIzkXWdbwJWMBJQUwYl,Frank Sinatra,0.9559999704360962;0.17599999904632568;0.15299999713897705;1.1999999696854502E-4;0.0364999994635582;0.15700000524520874
How to disappear,4qUtC2BwFC154Ha8YQRrkk,Lana Del Rey,0.6129999756813049;0.5379999876022339;0.30399999022483826;6.309999735094607E-4;0.03519999980926514;0.06499999761581421
Kick The Dust Up,5g15o2Sm55Hn9ShK5yEXgp,Luke Bryan,0.19599999487400055;0.597000002861023;0.8600000143051147;0.0;0.04610000178217888;0.8180000185966492
Back To December,3DrjZArsPsoqbLzUZZV1Id,Taylor Swift,0.11699999868869781;0.5289999842643738;0.6700000166893005;0.0;0.030300000682473183;0.28600001335144043
Have Yourself A Merry Little Christmas,5be3GUJgBsRuaTwt513zIq,Sam Smith,0.9570000171661377;0.43799999356269836;0.17800000309944153;1.0999999631167157E-6;0.0414000004529953;0.3440000116825104
Up Down,1zQMvZU0A2De2oaYo3DLRE,Florida Georgia Line;Morgan Wallen,0.07880000025033951;0.5879999995231628;0.8849999904632568;0.0;0.03449999913573265;0.7870000004768372
Thunder,1mpAimKb5cbAYL6UiU4JtP,Imagine Dragons,0.008659999817609787;0.6010000109672546;0.8240000009536743;0.17299999296665192;0.04740000143647194;0.2460000067949295
IT'S YOU (feat. keshi),5SMCxRA6hB2jEhroaYfw6N,MAX;keshi,0.8349999785423279;0.6970000267028809;0.36800000071525574;1.5999999595806003E-4;0.0560000017285347;0.45100000500679016
Quiero Repetir,0MIcPSq9n2z5H8TAfEstri,Ozuna;J Balvin,0.10300000011920929;0.6079999804496765;0.753000020980835;0.0;0.36800000071525574;0.4819999933242798
10 Things I Hate About You,6Jkm5kUldvIqxzI1Pa7nXH,Leah Kate,0.009909999556839466;0.5440000295639038;0.7860000133514404;0.0;0.05009999871253967;0.44600000977516174
Ol' Red,5wane5dFpp8xgriui6y0c7,Blake Shelton,0.1459999978542328;0.6639999747276306;0.5559999942779541;3.910000032192329E-6;0.0364999994635582;0.49399998784065247
Blinding Lights,2xpT8CUGBs6Up0SIuIltoy,The Weeknd,0.0014700000174343586;0.5120000243186951;0.7960000038146973;2.0900000527035445E-4;0.06449999660253525;0.3440000116825104
Roses,6bUNEbXT7HovLW6BgPCBsb,Outkast,0.04820000007748604;0.7509999871253967;0.7080000042915344;1.8500000805943273E-5;0.054499998688697815;0.5090000033378601
Nonstop,0TlLq3lA83rQOYtrqBqSct,Drake,0.016499999910593033;0.9120000004768372;0.41200000047683716;0.012600000016391277;0.12300000339746475;0.4230000078678131
HYFR (Hell Ya Fucking Right),0m1KYWlT6LhFRBDVq9UNx4,Drake;Lil Wayne,0.12300000339746475;0.4440000057220459;0.6269999742507935;0.0;0.25200000405311584;0.35899999737739563
Deja Vu,6I6NX6tjGsxFAsIfGzY9lJ,J. Cole,0.35199999809265137;0.6570000052452087;0.42100000381469727;2.1800000104121864E-4;0.41200000047683716;0.1809999942779541
HOTEL LOBBY (Unc & Phew),4vVjPTApwXZwB2H3mBq3ml,Quavo;Takeoff,0.11699999868869781;0.824999988079071;0.6489999890327454;0.0;0.16899999976158142;0.14300000667572021
Big Black Car,3Kj2EWpIBnvETsYq4cq0IH,Gregory Alan Isakov,0.9089999794960022;0.6000000238418579;0.1860000044107437;0.001019999966956675;0.031700000166893005;0.46799999475479126
Shaky Shaky - Remix,2me1d7iZP1H97pqe6mQHB5,Daddy Yankee;Nicky Jam;Plan B;Rome & Urba,0.10700000077486038;0.8130000233650208;0.7860000133514404;0.0;0.15399999916553497;0.828000009059906
Vamp Anthem,4CzhtKifG867Lu5DNQVBSA,Playboi Carti,0.0059899999760091305;0.6420000195503235;0.6899999976158142;1.3000000080864993E-6;0.26100000739097595;0.640999972820282
Kill Yourself (Part III),0kEZlJh4mK1QRfb3CT5LPk,$uicideboy$,0.32600000500679016;0.753000020980835;0.6800000071525574;4.149999949731864E-5;0.0348999984562397;0.19200000166893005
I Ain't Worried,4h9wh7iOZ0GGn8QVp4RAOB,OneRepublic,0.08259999752044678;0.7039999961853027;0.796999990940094;7.450000266544521E-4;0.04749999940395355;0.824999988079071
No Friends In The Industry,2tUL6dZf1mywCj5WvCPZw6,Drake,0.01810000091791153;0.8399999737739563;0.7440000176429749;0.0;0.11299999803304672;0.17100000381469727
WAP (feat. Megan Thee Stallion),4Oun2ylbjFKMPTiaSbbCih,Cardi B;Megan Thee Stallion,0.01940000057220459;0.9350000023841858;0.45399999618530273;0.0;0.375;0.3569999933242798
Scared to Be Lonely,3ebXMykcMXOcLeJ9xZ17XH,Martin Garrix;Dua Lipa,0.08950000256299973;0.5839999914169312;0.5400000214576721;0.0;0.0575999990105629;0.19499999284744263
Opp Stoppa,4l8CIibQf8cVk5BcrquSiD,YBN Nahmir,0.017500000074505806;0.8209999799728394;0.30399999022483826;0.0;0.11400000005960464;0.21699999272823334
Dreamers [Music from the FIFA World Cup Qatar 2022 Official Soundtrack],1RDvyOk4WtPCtoqciJwVn8,Jung Kook;BTS;FIFA Sound,0.15800000727176666;0.7099999785423279;0.8790000081062317;0.0014199999859556556;0.0421999990940094;0.3409999907016754
Metro Spider (with Young Thug),679nqZvFH0bXeFxcBiYDq5,Metro Boomin;Young Thug,0.041099999099969864;0.7089999914169312;0.734000027179718;0.0;0.125;0.24500000476837158
Boys Will Be Bugs,6suYoN4gFkanqOBn5yRnJC,Cavetown,0.003869999898597598;0.4860000014305115;0.527999997138977;1.4000000192027073E-5;0.046300001442432404;0.4519999921321869
Young Folks,4dyx5SzxPPaD8xQIid5Wjj,Peter Bjorn and John,0.01640000008046627;0.6990000009536743;0.8119999766349792;7.6299998909235E-4;0.037700001150369644;0.6620000004768372
I Wanna Love You,0CXVjQI9wsqaGeIARkkpYc,Akon;Snoop Dogg,0.037300001829862595;0.8659999966621399;0.45399999618530273;1.4900000451234519E-6;0.0414000004529953;0.36800000071525574
Tighten Up,2MVwrvjmcdt4MsYYLCYMt8,The Black Keys,0.0012100000167265534;0.5040000081062317;0.7049999833106995;4.120000085094944E-6;0.06650000065565109;0.5669999718666077
Monster,1ZHYJ2Wwgxes4m8Ba88PeK,Kanye West;JAY-Z;Rick Ross;Nicki Minaj;Bon Iver,0.0024399999529123306;0.628000020980835;0.6919999718666077;0.012900000438094139;0.20200000703334808;0.09629999846220016
Better Together,4VywXu6umkIQ2OS0m1I79y,Jack Johnson,0.30799999833106995;0.8679999709129333;0.34700000286102295;1.9999999494757503E-5;0.053599998354911804;0.6589999794960022
Alone,5ie5OPdaP9fivYaKcjwKF1,Rod Wave,0.703000009059906;0.5960000157356262;0.5450000166893005;0.0;0.03680000081658363;0.09229999780654907
Cooped Up / Return Of The Mack,6Ole34qqbgkZ60IyrcVm7e,Post Malone;Mark Morrison;Sickick,0.009999999776482582;0.7269999980926514;0.8389999866485596;3.6300000374467345E-6;0.18400000035762787;0.33799999952316284
Suave (Remix),4phvdPGXE8MGXsTBhqB5ht,El Alfa;Bryant Myers;Jon Z;Miky Woodz;Noriel;Plan B,0.14000000059604645;0.875;0.9089999794960022;0.0018500000005587935;0.07599999755620956;0.5239999890327454
Head Over Boots,4ly1QBXEwYoDmje9rmEgC4,Jon Pardi,0.0763000026345253;0.5630000233650208;0.6880000233650208;0.0;0.026200000196695328;0.621999979019165
Never Look Back - 717 Tapes,6FCQRQE8a8rK7vr3QooIny,Warren Zeiders,0.7120000123977661;0.5170000195503235;0.5509999990463257;2.7599999157246202E-5;0.03400000184774399;0.46299999952316284
Change (In the House of Flies),51c94ac31swyDQj9B3Lzs3,Deftones,2.4900000425986946E-4;0.26899999380111694;0.8529999852180481;2.460000105202198E-4;0.08540000021457672;0.17900000512599945
Anti-Hero,61sPtIY6OAC1p5hzHhhH4S,Taylor Swift,0.12099999934434891;0.6330000162124634;0.6480000019073486;2.6200000320386607E-6;0.06199999898672104;0.49000000953674316
Mr. Brightside,003vvx7Niy0yvhvHt4a68B,The Killers,0.0012100000167265534;0.35199999809265137;0.9110000133514404;0.0;0.0746999979019165;0.23600000143051147
C'est La Vie (with bbno$ & Rich Brian),0cgy8EueqwMuYzOZrW5vPB,Yung Gravy;bbno$;Rich Brian,0.05660000070929527;0.8880000114440918;0.777999997138977;0.0;0.09449999779462814;0.7739999890327454
Too Many Nights - Instrumental,4ReJBi5fD6RiAQvknuRkqs,Metro Boomin,0.003470000112429261;0.6439999938011169;0.6110000014305115;0.9150000214576721;0.03660000115633011;0.33899998664855957